Contractor,Point of Contact,Email,Phone
4R Consulting,Amal Shady,Amal.Shady@4R.consulting,(914) 482-3416
ABC Language Services,Sanjay Kamani,skamani@abclangs.com,(804) 543-4433
Accents Language Services Inc,Belinda Obi,belinda.obi@accentinterpreters.com,(631) 504-1748
Agnew Multilingual,Nicholas Sabbatella,n.sabbatella@agnew.com,(805) 807-8682
All County Captions,Lisa Zenker,lisazenker@allcountycaptions.com,(516) 380-9233
Allmulom Community Interpretation (LLC),Nicholas Githinji,nickndegwa0711@gmail.com,(607) 349-4831
ALTA Language Services Inc,Maria Diment,MDiment@altalang.com,(404) 920-3859
Argo Translation Inc,Hanna Meussling,hanna@argotrans.com,(847) 901-4070 ext 6
Avantpage Inc,Daniel Contreras,daniel.contreras@avantpage.com,(530) 750-2040
Barbier International Inc,Melissa L. Meyer,melissa@barbierinc.com,(844) 824-0477 ext 1011
Digital Tech Ventures (Digitech),Harold Looney,harold.looney@digiventures.tech,(917) 576-7207
Donn David Inc,Prenella G Patterson,Prenella@DonnDavid.com,(917) 270-6067
Effective Communication NY (LLC),Denise Corino,services@ecasl.com,(917) 330-0517
Eriksen Translations,Hannah Halsey,hannah.halsey@eriksen.com,(860) 912-2083
GBR Interpreting & Translation Services,Dani Vimes,scheduling@gbrinterpreting.com,(763) 241-0002
Global Employmen Services Inc,Michael Paul Coluccio,mcolucc1@nycap.rr.com,(518) 378-1937
Global Language System,Komlan Koudifo,komlan.koudifo@globallanguagesystem.com,(919) 480-2535
Haventier,Decia Simpson,deciabi23@gmail.com,(718) 801-4342
Interpreters Unlimited Inc,Vanessa Allen,vanessa.allen@interpreters.com,(858) 275-2590
La Gente Consulting (LLC),Chris Armijo,chris@lagenteshequity.com,(206) 940-9352
Language Bank Inc,Peiwen Shih,peiwens@alanguagebank.com,(212) 653-8653
Language Phone,Khalid Tabidi,admin@languagephone.org,(888) 418-1583
Language Today,Michael Giammarino,languagetoday@aol.comm,(201) 981-4738
Languageline Solutions,LeRue Carr,lcarr@languageline.com,(831) 241-8066
Lingualinx Language Solutions Inc,Jennifer Agiovlasitis,jagiovlasitis@lingualinx.com,(518) 388-9000
Lionbridge Technologies (LLC),John Drugan,john.drugan@lionbridge.com,(978) 964-9550
LM Language Services,Veronica Mehno,projects@lmlanguageservices.net,(917) 319-9932
Maya Bridge Language Services (LLC),Jace Norton,mgmt@mayabridge.org,(913) 777-8993
Mcalmont Interpreting Group (LLC),Melynda Carter,contact@mig-asl.com,(916) 538-1498
Powerling Inc,Sebastien Chochois,rfp@powerling.com,(301) 905-2583
Propio Ls (LLC),Jared Shiffman,jshiffman@propio.com,(913) 359-1691
Taconic Resources For Independence Inc,Jeanine Byrnes,J.Byrnes@taconicresources.org,(845) 452-3913
Transperfect Translations International Inc,Michael J. Donnelly,mdonnelly@transperfect.com,(202) 347-2300
Ubuntu Talks (LLC),Dr. Isaac Moonzwe,admin@ubuntutalks.com,(888) 462-1070
Vancro Inc,Jessica Huntzinger,jessica.huntzinger@vancro.com,(702) 329-7132
Words Warriors (LLC),Myles B. Caggins III,myles.caggins@wordswarriors.com,(254) 371-5704
